fault_id,project_code,station_id,station_name,created_at,closed_at,current_camera_id,current_camera_slot_id,current_camera_location_text,source_text,parsed_location_hint,derived_location_hint,match_status,target_slot_id,target_camera_id,target_slot_code,target_slot_location_desc,target_camera_location_desc,target_channel_number,target_project_device_code,target_score,ambiguous_options
1,unified,66,110kV水阁变,2022/8/4,2022/8/4,,,,水阁变图像监控3#摄像头维修,,,unresolved,,,,,,,,,
2,unified,32,110kV海潮变,2022/8/5,2022/8/5,,,,海潮变图像监控110kV开关室11#摄像头维修,,海潮变图像监控110kV开关室,unresolved,,,,,,,,,
3,unified,76,220kV睦田变,2022/8/16,2022/8/16,,,,图像监控设备巡检,,,unresolved,,,,,,,,,
4,unified,67,220kV河阳变,2022/8/17,2022/8/17,,,,图像监控设备巡检,,,unresolved,,,,,,,,,
5,unified,66,110kV水阁变,2022/8/30,2022/8/30,,,,图像监控设备巡检,,,unresolved,,,,,,,,,
6,unified,72,110kV龙石变,2022/8/30,2022/8/30,,,,图像监控设备巡检,,,unresolved,,,,,,,,,
7,unified,36,110kV碧湖变,2022/8/31,2022/8/31,,,,图像监控设备巡检,,,unresolved,,,,,,,,,
8,unified,67,220kV河阳变,2022/8/31,2022/8/31,,,,图像监控设备巡检,,,unresolved,,,,,,,,,
9,unified,81,220kV遂昌变,2022/9/1,2022/9/1,,,,图像监控设备巡检,,,unresolved,,,,,,,,,
10,unified,67,220kV河阳变,2022/9/5,2022/9/5,,,,图像监控设备巡检,,,unresolved,,,,,,,,,
11,unified,49,110kV港头变,2022/9/6,2022/9/6,,,,图像监控设备巡检,,,unresolved,,,,,,,,,
12,unified,45,110kV东源变,2022/9/6,2022/9/6,,,,图像监控设备巡检,,,unresolved,,,,,,,,,
13,unified,9,110kV景宁变,2022/9/7,2022/9/7,,,,图像监控设备巡检,,,unresolved,,,,,,,,,
14,unified,79,220kV松阳变,2022/9/8,2022/9/8,,,,图像监控设备巡检,,,unresolved,,,,,,,,,
15,unified,31,110kV岩泉变,2022/9/13,2022/9/13,,,,图像监控设备巡检,,,unresolved,,,,,,,,,
16,unified,36,110kV碧湖变,2022/9/13,2022/9/13,,,,图像监控设备巡检,,,unresolved,,,,,,,,,
17,unified,6,110kV庆元变,2022/9/14,2022/9/14,,,,图像监控设备巡检,,,unresolved,,,,,,,,,
18,unified,32,110kV海潮变,2022/9/19,2022/9/19,,,,图像监控设备巡检,,,unresolved,,,,,,,,,
19,unified,81,220kV遂昌变,2022/9/20,2022/9/20,,,,图像监控设备巡检,,,unresolved,,,,,,,,,
20,unified,1,110kV云和变,2022/9/21,2022/9/21,,,,图像监控设备巡检,,,unresolved,,,,,,,,,
21,unified,23,110kV缙云变,2022/9/22,2022/9/22,,,,图像监控设备巡检,,,unresolved,,,,,,,,,
22,unified,67,220kV河阳变,2022/9/26,2022/9/26,,,,图像监控设备故障处理,,,unresolved,,,,,,,,,
23,unified,72,110kV龙石变,2022/9/27,2022/9/27,,,,图像监控设备故障处理,,,unresolved,,,,,,,,,
24,unified,32,110kV海潮变,2022/9/28,2022/9/28,,,,图像监控设备故障处理,,,unresolved,,,,,,,,,
25,unified,60,110kV四都变,2022/11/1,2022/11/1,,,,1#-6#摄像头故障处理，未发现摄像头电源位置，未处理,,,unresolved,,,,,,,,,
26,unified,31,110kV岩泉变,2022/11/1,2022/11/1,,,,仓库摄像头正常，摄像头电源线重新接线,,,unresolved,,,,,,,,,
27,unified,49,110kV港头变,2022/11/2,2022/11/2,,,更换大门,更换大门摄像头、2#主变北侧摄像头,,更换大门,matched,976,976,LEGACY_unified_49_35_室外大门口-3#球机_f340527523,室外大门口-3#球机,室外大门口-3#球机,35,室外大门口-3#球机,7,
28,unified,45,110kV东源变,2022/11/3,2022/11/3,,,1#主变南侧,更换1#主变摄像头、1#主变南侧摄像头,,1#主变南侧,matched,920,920,LEGACY_unified_45_35_1#主变南侧-3#球_358b36f3fb,1#主变南侧-3#球,1#主变南侧-3#球,3,3,9,
29,unified,58,220kV丽水变,2022/11/4,2022/11/4,,,,图像监控设备故障处理,,,unresolved,,,,,,,,,
30,unified,76,220kV睦田变,2022/11/10,2022/11/10,,,35kV开关室,"1、220kV场地2#摄像头更换完成，旧光纤收发器电源异常
2、35kV开关室摄像头更换完成，光纤收发器信号正常，未检测到摄像头IP地址",,220kV场地,ambiguous,,,,,,,,12,slot:1662 220kV场地西南侧-6#球机 | slot:1663 220kV场地西北侧-7#球机
31,unified,1,110kV云和变,2022/11/10,2022/11/10,,,更换电容器室南侧,更换电容器室南侧摄像头,,更换电容器室南侧,matched,14,14,LEGACY_unified_1_46_电容器室南侧-14#球机_81aa2af20b,电容器室南侧-14#球机,电容器室南侧-14#球机,14,14,9,
32,unified,81,220kV遂昌变,2022/11/15,2022/11/15,,,,35kV开关室西南侧18#摄像头更换完成,,35kV开关室西南侧,matched,1891,1891,LEGACY_unified_81_49_35kV开关室西南侧-16#球机_11198fee9b,35kV开关室西南侧-16#球机,35kV开关室西南侧-16#球机,17,17,13,
33,unified,36,110kV碧湖变,2022/11/17,2022/11/17,,,,更换110kV场地1#摄像头、2#主变3#摄像头,,更换110kV场地,ambiguous,,,,,,,,11,slot:728 110kV场地西侧-1#球机 | slot:731 110kV场地东侧-4#球机
34,unified,6,110kV庆元变,2022/12/5,2022/12/5,,,,更换110kV西侧场地2#、110kV场地南侧4#摄像头,,110kV场地南侧,matched,122,122,LEGACY_unified_6_2_110kV场地南侧-2#球机_5e39a3d8b3,110kV场地南侧-2#球机,110kV场地南侧-2#球机,2,2,11,
37,unified,76,220kV睦田变,2022/12/9,2022/12/9,,,,35kV开关室26#摄像头网线故障，重新制作水晶头后恢复；220kV场地2#摄像头尾纤信号弱、光纤收发器电源故障，更换备用光纤和电源后恢复。,,35kV开关室,matched,1669,1669,LEGACY_unified_76_45_35kV开关室外墙北侧-13#球机_768420411e,35kV开关室外墙北侧-13#球机,35kV开关室外墙北侧-13#球机,13,13,14,
38,unified,68,220kV海口变,2022/12/19,2022/12/19,,,,格式化硬盘后恢复正常,,,unresolved,,,,,,,,,
39,unified,43,110kV石练变,2022/12/22,2022/12/22,,,,更换故障硬盘一块，增加硬盘两块,,,unresolved,,,,,,,,,
40,unified,65,220kV枫树变,2023/1/9,2023/1/9,,,就地继保室南侧,更换220kV场地东侧，35kV开关室外墙4#两个摄像头、就地继保室南侧摄像头网线被拔出,,就地继保室南侧,matched,1365,1365,LEGACY_unified_65_13_就地继保室南侧-13#球机_0e330e5bd0,就地继保室南侧-13#球机,就地继保室南侧-13#球机,13,13,10,
41,unified,60,110kV四都变,2023/1/10,2023/1/10,,,,室外场地6个摄像头断电，在电缆层室空开跳闸，合闸后正常,,,unresolved,,,,,,,,,
42,unified,68,220kV海口变,2023/1/11,2023/1/11,,,,硬盘录像机硬盘故障更换4块硬盘,,,unresolved,,,,,,,,,
44,unified,67,220kV河阳变,2023/1/13,2023/1/13,,,,更换35kV开关室20#球机,,更换35kV开关室,matched,1419,1419,LEGACY_unified_67_52_35kV开关室补偿变西-20#球机_df80b21655,35kV开关室补偿变西-20#球机,35kV开关室补偿变西-20#球机,20,20,14,
45,unified,79,220kV松阳变,2023/2/13,2023/2/13,,,,更换光纤收发器电源插槽一台，有一个光纤收发器因插槽不够未能插上,,,unresolved,,,,,,,,,
46,unified,75,220kV濛洲变,2023/2/14,2023/2/14,,,,光纤收发器电源插槽故障，将光纤收发器迁移到正常的一台电源插槽上，有三个光纤收发器因插槽不够未能插上,,,unresolved,,,,,,,,,
47,unified,74,220kV宏山变,2023/2/15,2023/2/15,,,,35kV开关室18#球机故障和光纤被咬坏，更换球机并重新布置光纤,,35kV开关室,matched,1626,1626,LEGACY_unified_74_47_35kV开关室东北侧-16#球机_d8cea32cd2,35kV开关室东北侧-16#球机,35kV开关室东北侧-16#球机,15,15,13,
48,unified,56,110kV芳野变,2023/2/15,2023/2/15,,,#2主变东南侧,#2主变东南侧摄像头故障、主控室西北侧摄像头故障,,#2主变东南侧,matched,1102,1102,LEGACY_unified_56_38_#2主变东南侧-3#球机_1d8266cd9e,#2主变东南侧-3#球机,#2主变东南侧-3#球机,6,6,9,
50,unified,2,110kV杨柳变,2023/2/17,2023/2/17,,,#3主变东北侧,电容器场地南侧、110kV场地北侧、#3主变东北侧摄像头故障,,#3主变东北侧,unresolved,,,,,,,,,
51,unified,52,110kV高湖变,2023/2/20,2023/2/20,,,,1#主变-14#摄像头故障，1光球需更换,,,unresolved,,,,,,,,,
52,unified,71,220kV青田变,2023/2/20,2023/2/20,,,,已恢复,,,unresolved,,,,,,,,,
53,unified,48,110kV温溪变,2023/2/21,2023/2/21,,,,主控室1#、主控室2#网线被拔出，插上后恢复正常,,,unresolved,,,,,,,,,
54,unified,23,110kV缙云变,2023/2/22,2023/2/22,,,#1主变北侧,#1主变北侧摄像头故障，1光球需更换,,#1主变北侧,matched,514,514,LEGACY_unified_23_40_#1主变北侧-8#球机_d695cc027a,#1主变北侧-8#球机,#1主变北侧-8#球机,8,8,8,
55,unified,27,110kV问渔变,2023/2/22,2023/2/22,,,#1主变南侧,#1主变南侧摄像头故障，重启恢复,,#1主变南侧,unresolved,,,,,,,,,
56,unified,25,110kV里隆变,2023/2/23,2023/2/23,,,,2#硬盘故障，更换硬盘并增加一块硬盘,,,unresolved,,,,,,,,,
57,unified,62,110kV张村变,2023/2/27,2023/2/27,,,,室外场地西、室外场地南摄像头故障，更换两个摄像头并调试后正常,,,unresolved,,,,,,,,,
58,unified,66,110kV水阁变,2023/2/28,2023/2/28,,,110kV场地东侧,110kV场地东侧摄像头故障，更换摄像头后正常,,110kV场地东侧,matched,1389,1389,LEGACY_unified_66_35_110kV场地东侧-3#球机_b5bfe7a8e2,110kV场地东侧-3#球机,110kV场地东侧-3#球机,3,3,11,
59,unified,34,110kV白云变,2023/3/1,2023/3/1,,,2#主变南侧,2#主变南侧摄像头故障，更换摄像头后正常,,2#主变南侧,unresolved,,,,,,,,,
60,unified,59,220kV仙都变,2023/3/1,2023/3/1,,,,光纤收发器电源故障，更换后恢复,,,unresolved,,,,,,,,,
61,unified,32,110kV海潮变,2023/3/2,2023/3/2,,,,主控室4#摄像头故障，更换并调试后正常,,主控室,matched,663,663,LEGACY_unified_32_35_主控室东北侧-3#球机_79fe8ce821,主控室东北侧-3#球机,主控室东北侧-3#球机,3,3,8,
66,unified,79,220kV松阳变,2023/3/13,2023/3/13,,,,1#、3#、4#、6#、8#、10#、25#摄像头故障，更换光纤收发器电源1台和7个光纤收发器后恢复正常,,,unresolved,,,,,,,,,
67,unified,59,220kV仙都变,2023/3/14,2023/3/14,,,蓄电池室,蓄电池室摄像头故障，更换调试后恢复正常,,蓄电池室,matched,1159,1159,LEGACY_unified_59_15_蓄电池室北侧-17#球机_1e54f9c398,蓄电池室北侧-17#球机,蓄电池室北侧-17#球机,15,15,9,
68,unified,1,110kV云和变,2023/3/16,2023/3/16,,,蓄电池室东北侧,蓄电池室东北侧摄像头故障，更换调试后恢复正常,,蓄电池室东北侧,matched,10,10,LEGACY_unified_1_42_蓄电池室东北侧-10#球机_45e875ec60,蓄电池室东北侧-10#球机,蓄电池室东北侧-10#球机,10,10,10,
69,unified,75,220kV濛洲变,2023/3/17,2023/3/17,,,,1#主变东、1#主变西、35kV开关室西侧、2#主变北摄像头故障，更换光纤收发器电源1台后恢复正常,,,unresolved,,,,,,,,,
70,unified,76,220kV睦田变,2023/3/21,2023/3/21,,,35kV开关室,1#主变东侧、2#主变南侧、220kV场地西侧、35kV开关室摄像头故障，更换光纤收发器电源1台和2对光纤收发器后恢复正常,,35kV开关室,matched,1669,1669,LEGACY_unified_76_45_35kV开关室外墙北侧-13#球机_768420411e,35kV开关室外墙北侧-13#球机,35kV开关室外墙北侧-13#球机,13,13,14,
71,unified,2,110kV杨柳变,2023/3/21,2023/3/21,,,,2块硬盘故障，更换硬盘后正常,,,unresolved,,,,,,,,,
72,unified,56,110kV芳野变,2023/3/22,2023/3/22,,,蓄电池室,主控室、蓄电池室摄像头故障，更换并调试后正常,,蓄电池室,matched,1109,1109,LEGACY_unified_56_45_蓄电池室西北侧-13#球机_397891533a,蓄电池室西北侧-13#球机,蓄电池室西北侧-13#球机,13,13,10,
73,unified,8,110kV龙山变,2023/3/23,2023/3/23,,,,全站离线抢修,,,unresolved,,,,,,,,,
74,unified,76,220kV睦田变,2023/4/3,2023/4/3,,,220kV场地西侧,"220kV场地西侧摄像头故障,更换调试后恢复正常",,220kV场地西侧,matched,1659,1659,LEGACY_unified_76_35_220kV场地西侧-3#球机_c952d980ce,220kV场地西侧-3#球机,220kV场地西侧-3#球机,3,3,11,
75,unified,2,110kV杨柳变,2023/4/3,2023/4/3,,,#3主变东北侧,"#3主变东北侧摄像头、110kV场地北侧摄像头、电容器场地南侧摄像头故障,更换调试后恢复正常",,#3主变东北侧,unresolved,,,,,,,,,
76,unified,77,220kV鹤溪变,2023/4/4,2023/4/4,,,#1主变东北侧,"#1主变东北侧摄像头、1#主变东南侧摄像头、110kV场地北侧摄像头故障,更换调试后恢复正常",,#1主变东北侧,matched,1690,1690,LEGACY_unified_77_38_#1主变东北侧-7#球机_d458dcbc59,#1主变东北侧-7#球机,#1主变东北侧-7#球机,6,6,9,
77,unified,75,220kV濛洲变,2023/4/6,2023/4/6,,,1#主变东侧,"1#主变东侧摄像头故障,更换调试后恢复正常",,1#主变东侧,matched,1641,1641,LEGACY_unified_75_11_1#主变东侧-11#球机_6079cd4d92,1#主变东侧-11#球机,1#主变东侧-11#球机,11,11,9,
78,unified,56,110kV芳野变,2023/4/7,2023/4/7,,,#2主变东南侧,"#2主变东南侧摄像头故障,更换调试后恢复正常",,#2主变东南侧,matched,1102,1102,LEGACY_unified_56_38_#2主变东南侧-3#球机_1d8266cd9e,#2主变东南侧-3#球机,#2主变东南侧-3#球机,6,6,9,
79,unified,53,110kV安仁变,2023/4/7,2023/4/7,,,110kV场地西侧,"110kV场地西侧摄像头故障,更换调试后恢复正常",,110kV场地西侧,matched,1041,1041,LEGACY_unified_53_33_110kV场地西侧-1#球机_5ea95136bc,110kV场地西侧-1#球机,110kV场地西侧-1#球机,1,1,11,
82,unified,10,110kV沙湾变,2023/4/20,2023/4/20,,,,10kV开关室室外楼顶全景平台摄像机图像无法显示，本地正常，平台上不显示，系统原因无法处理，后续跟进,,,unresolved,,,,,,,,,
83,unified,70,110kV陶庄变,2023/4/21,2023/4/21,,,,主控室室外楼顶全景平台摄像机图像无法显示，本地正常，平台上不显示，系统原因无法处理，后续跟进,,,unresolved,,,,,,,,,
84,unified,33,110kV滨江变,2023/4/24,2023/4/24,,,,图像监控系统网络优化提升,,,unresolved,,,,,,,,,
85,unified,65,220kV枫树变,2023/4/26,2023/4/26,,,,图像监控系统网络优化提升,,,unresolved,,,,,,,,,
86,unified,71,220kV青田变,2023/5/8,2023/5/8,,,,图像监控系统网络优化提升,,,unresolved,,,,,,,,,
87,unified,76,220kV睦田变,2023/5/10,2023/5/10,,,,图像监控系统网络优化提升,,,unresolved,,,,,,,,,
88,unified,36,110kV碧湖变,2023/5/22,2023/5/22,,,,图像监控系统网络优化提升,,,unresolved,,,,,,,,,
89,unified,35,110kV百果变,2023/5/23,2023/5/23,,,,图像监控系统网络优化提升,,,unresolved,,,,,,,,,
90,unified,20,110kV壶镇变,2023/5/24,2023/5/24,,,,图像监控系统网络优化提升,,,unresolved,,,,,,,,,
91,unified,25,110kV里隆变,2023/5/25,2023/5/25,,,,图像监控系统网络优化提升,,,unresolved,,,,,,,,,
92,unified,28,110kV雁门变,2023/5/26,2023/5/26,,,,图像监控系统网络优化提升,,,unresolved,,,,,,,,,
93,unified,18,110kV东山变,2023/5/29,2023/5/29,,,,图像监控系统网络优化提升,,,unresolved,,,,,,,,,
94,unified,67,220kV河阳变,2023/5/30,2023/5/30,,,,图像监控系统网络优化提升,,,unresolved,,,,,,,,,
95,unified,29,110kV黄龙变,2023/5/31,2023/5/31,,,,图像监控系统网络优化提升,,,unresolved,,,,,,,,,
96,unified,27,110kV问渔变,2023/5/31,2023/5/31,,,,图像监控系统网络优化提升,,,unresolved,,,,,,,,,
97,unified,23,110kV缙云变,2023/6/1,2023/6/1,,,,图像监控系统网络优化提升,,,unresolved,,,,,,,,,
98,unified,45,110kV东源变,2023/6/5,2023/6/5,,,,图像监控系统网络优化提升,,,unresolved,,,,,,,,,
99,unified,47,110kV油竹变,2023/6/5,2023/6/5,,,,图像监控系统网络优化提升,,,unresolved,,,,,,,,,
100,unified,52,110kV高湖变,2023/6/6,2023/6/6,,,,图像监控系统网络优化提升,,,unresolved,,,,,,,,,
101,unified,46,110kV侨乡变,2023/6/6,2023/6/6,,,,图像监控系统网络优化提升,,,unresolved,,,,,,,,,
102,unified,68,220kV海口变,2023/6/7,2023/6/7,,,,图像监控系统网络优化提升,,,unresolved,,,,,,,,,
103,unified,74,220kV宏山变,2023/6/12,2023/6/12,,,,图像监控系统网络优化提升,,,unresolved,,,,,,,,,
104,unified,77,220kV鹤溪变,2023/6/13,2023/6/13,,,,图像监控系统网络优化提升,,,unresolved,,,,,,,,,
105,unified,81,220kV遂昌变,2023/6/14,2023/6/14,,,,图像监控系统网络优化提升,,,unresolved,,,,,,,,,
106,unified,79,220kV松阳变,2023/6/15,2023/6/15,,,,图像监控系统网络优化提升,,,unresolved,,,,,,,,,
107,unified,75,220kV濛洲变,2023/6/19,2023/6/19,,,,图像监控系统网络优化提升,,,unresolved,,,,,,,,,
108,unified,59,220kV仙都变,2023/6/26,2023/6/26,,,,图像监控系统网络优化提升现场勘察,,,unresolved,,,,,,,,,
109,unified,69,220kV金亭变,2023/6/27,2023/6/27,,,,图像监控系统网络优化提升,,,unresolved,,,,,,,,,
110,unified,32,110kV海潮变,2023/6/28,2023/6/28,,,,图像监控系统网络优化提升,,,unresolved,,,,,,,,,
111,unified,58,220kV丽水变,2023/6/29,2023/6/29,,,,图像监控系统网络优化提升,,,unresolved,,,,,,,,,
112,unified,59,220kV仙都变,2023/7/3,2023/7/3,,,,图像监控系统网络优化提升,,,unresolved,,,,,,,,,
113,unified,59,220kV仙都变,2023/7/6,2023/7/6,,,,图像监控智慧屏故障抢修,,,unresolved,,,,,,,,,
116,unified,77,220kV鹤溪变,2023/7/12,2023/7/12,,,2#主变西南侧,220kV场地东南侧、2#主变西南侧摄像机故障,,2#主变西南侧,matched,1693,1693,LEGACY_unified_77_41_2#主变西南侧-10#球机_98e2ab89a5,2#主变西南侧-10#球机,2#主变西南侧-10#球机,9,9,10,
118,unified,40,110kV桃园变,2023/7/17,2023/7/17,,,,电容器室-4#摄像机故障,,电容器室,ambiguous,,,,,,,,9,slot:854 电容器室西南侧-4#球机 | slot:855 电容器室东北侧-5#球机
119,unified,81,220kV遂昌变,2023/7/18,2023/7/18,,,,主控室北侧-8#摄像机故障,,主控室北侧,unresolved,,,,,,,,,
120,unified,14,110kV延庆变,2023/7/19,2023/7/19,,,主控室北侧,主控室北侧摄像机故障更换、110kV场地西侧光纤收发器故障更换。,,主控室北侧,matched,280,280,LEGACY_unified_14_42_主控室北侧-10#球机_ed51af1a84,主控室北侧-10#球机,主控室北侧-10#球机,10,10,8,
122,unified,47,110kV油竹变,2023/7/24,2023/7/24,,,35kV开关室北侧,35kV开关室北侧摄像机、10kV开关室北侧摄像机故障,,35kV开关室北侧,matched,963,963,LEGACY_unified_47_46_35kV开关室北侧-14#球_0613322c0e,35kV开关室北侧-14#球,35kV开关室北侧-14#球,14,14,13,
124,unified,45,110kV东源变,2023/7/25,2023/7/25,,,主控室南侧,主控室南侧摄像机交换机网线端口接触不良，重新制作水晶头,,主控室南侧,matched,928,928,LEGACY_unified_45_43_主控室南侧-11#球_4bd2553ae2,主控室南侧-11#球,主控室南侧-11#球,11,11,9,
125,unified,28,110kV雁门变,2023/7/26,2023/7/26,,,10kV开关室西南侧,10kV开关室西南侧摄像机故障更换,,10kV开关室西南侧,matched,613,613,LEGACY_unified_28_48_10kV开关室西南侧-16#球机_8a890b2256,10kV开关室西南侧-16#球机,10kV开关室西南侧-16#球机,16,16,13,
126,unified,23,110kV缙云变,2023/7/27,2023/7/27,,,,更换尾纤1条和备用光配端口并调试,,,unresolved,,,,,,,,,
127,unified,56,110kV芳野变,2023/7/31,2023/7/31,,,10kV开关室东侧,1#主变东南侧、110kV场地东侧、10kV开关室东侧摄像机故障,,10kV开关室东侧,matched,1104,1104,LEGACY_unified_56_40_10kV开关室东侧-8#球机_2b40196ae0,10kV开关室东侧-8#球机,10kV开关室东侧-8#球机,8,8,11,
130,unified,65,220kV枫树变,2023/8/3,2023/8/3,,,35kV场地西北侧,35kV场地西北侧摄像机故障,,35kV场地西北侧,unresolved,,,,,,,,,
131,unified,33,110kV滨江变,2023/8/7,2023/8/7,,,,10kV开关室西南侧、110kV开关室西侧、场地外围西北侧16号摄像机、场地外围东南侧17号摄像机故障处理,,场地外围西北侧,matched,689,689,LEGACY_unified_33_48_场地外围西北侧-16#球机_b61f1eadca,场地外围西北侧-16#球机,场地外围西北侧-16#球机,16,16,10,
132,unified,34,110kV白云变,2023/8/8,2023/8/8,,,10kV开关室东南侧,电容器室西侧、10kV开关室东南侧摄像机故障更换,,10kV开关室东南侧,matched,693,693,LEGACY_unified_34_35_10kV开关室东南侧-3#球机_544009be94,10kV开关室东南侧-3#球机,10kV开关室东南侧-3#球机,3,3,12,
133,unified,37,110kV高溪变,2023/8/9,2023/8/9,,,110kVGIS室西侧,110kVGIS室西侧摄像机故障更换,,110kVGIS室西侧,matched,765,765,LEGACY_unified_37_55_110kVGIS室西侧-23#球机_b0c3ede0a6,110kVGIS室西侧-23#球机,110kVGIS室西侧-23#球机,23,23,14,
134,unified,32,110kV海潮变,2023/8/10,2023/8/10,,,110kVGIS室西北侧,110kVGIS室西北侧摄像机故障更换,,110kVGIS室西北侧,matched,672,672,LEGACY_unified_32_44_110kVGIS室西北侧-12#球机_acc057e3c5,110kVGIS室西北侧-12#球机,110kVGIS室西北侧-12#球机,12,12,15,
135,unified,59,220kV仙都变,2023/8/11,2023/8/11,,,,远程智慧监控系统故障更换,,,unresolved,,,,,,,,,
137,unified,18,110kV东山变,2023/8/14,2023/8/14,,,10kV开关室北侧,10kV开关室北侧摄像机故障更换,,10kV开关室北侧,matched,372,372,LEGACY_unified_18_9_10kV开关室北侧-10#球机_2a67372a7f,10kV开关室北侧-10#球机,10kV开关室北侧-10#球机,16,16,12,
138,unified,23,110kV缙云变,2023/8/15,2023/8/15,,,,故障光纤重新熔纤后正常,,,unresolved,,,,,,,,,
139,unified,27,110kV问渔变,2023/8/15,2023/8/15,,,,1#主变摄像机故障，重启恢复,,,unresolved,,,,,,,,,
140,unified,77,220kV鹤溪变,2023/8/16,2023/8/16,,,3#主变东北侧,3#主变东北侧摄像机、220kV场地东南侧故障更换,,3#主变东北侧,unresolved,,,,,,,,,
141,unified,2,110kV杨柳变,2023/8/16,2023/8/16,,,110kV场地南侧,110kV场地南侧摄像机故障更换,,110kV场地南侧,matched,18,18,LEGACY_unified_2_36_110kV场地南侧-4#球机_f3cf85f7ba,110kV场地南侧-4#球机,110kV场地南侧-4#球机,4,4,11,
142,unified,14,110kV延庆变,2023/8/17,2023/8/17,,,110kV场地西侧,110kV场地西侧摄像机故障更换,,110kV场地西侧,matched,272,272,LEGACY_unified_14_34_110kV场地西侧-2#球机_746e82ca9c,110kV场地西侧-2#球机,110kV场地西侧-2#球机,2,2,11,
143,unified,68,220kV海口变,2023/8/18,2023/8/18,,,110kV场地西南侧,110kV场地西南侧摄像机故障更换，光纤收发器电源故障更换,,110kV场地西南侧,matched,1440,1440,LEGACY_unified_68_9_110kV场地西南侧-11#球_67cfe98950,110kV场地西南侧-11#球,110kV场地西南侧-11#球,9,9,14,
144,unified,76,220kV睦田变,2023/8/21,2023/8/21,,,,光纤收发器电源插槽故障更换,,,unresolved,,,,,,,,,
145,unified,67,220kV河阳变,2023/8/22,2023/8/22,,,35kV开关室北侧,35kV开关室北侧摄像机网口松动,,35kV开关室北侧,matched,1421,1421,LEGACY_unified_67_54_35kV开关室北侧-22球机_912a71d9b9,35kV开关室北侧-22球机,35kV开关室北侧-22球机,22,22,11,
146,unified,59,220kV仙都变,2023/8/22,2023/8/22,,,2#通信机房西北侧,2#通信机房西北侧摄像机故障更换,,2#通信机房西北侧,unresolved,,,,,,,,,
147,unified,69,220kV金亭变,2023/8/23,2023/8/23,,,,远程智慧监控系统调试,,,unresolved,,,,,,,,,
148,unified,48,110kV温溪变,2023/9/1,2023/9/1,,,,现场勘察,,,unresolved,,,,,,,,,
149,unified,33,110kV滨江变,2023/9/4,2023/9/4,,,,场地外围西北侧16号摄像机电源转换器故障更换,,场地外围西北侧,matched,689,689,LEGACY_unified_33_48_场地外围西北侧-16#球机_b61f1eadca,场地外围西北侧-16#球机,场地外围西北侧-16#球机,16,16,10,
150,unified,25,110kV里隆变,2023/9/4,2023/9/4,,,主控室西南侧,主控室西南侧摄像机重启,,主控室西南侧,matched,551,551,LEGACY_unified_25_40_主控室西南侧-9#球机_20ae9ced7c,主控室西南侧-9#球机,主控室西南侧-9#球机,8,8,8,
151,unified,49,110kV港头变,2023/9/5,2023/9/5,,,110kV场地,110kV场地摄像机故障更换,,110kV场地,ambiguous,,,,,,,,12,slot:977 110kV场地西南侧-4#球机 | slot:978 110kV场地东北侧-6#球机 | slot:979 110kV场地西北侧-7#球机
152,unified,10,110kV沙湾变,2023/9/6,2023/9/6,,,,场地全景摄像头故障更换,,,unresolved,,,,,,,,,
153,unified,76,220kV睦田变,2023/9/14,2023/9/14,,,220kV场地东侧,220kV场地东侧摄像机故障更换,,220kV场地东侧,matched,1657,1657,LEGACY_unified_76_33_220kV场地东侧-1#球机_b1d7c3e403,220kV场地东侧-1#球机,220kV场地东侧-1#球机,1,1,11,
154,unified,65,220kV枫树变,2023/9/14,2023/9/14,,,2#主变西侧,2#主变西侧摄像机故障更换,,2#主变西侧,matched,1359,1359,LEGACY_unified_65_7_2#主变西侧-7#球机_9991dcf8b2,2#主变西侧-7#球机,2#主变西侧-7#球机,7,7,8,
155,unified,65,220kV枫树变,2023/10/10,2023/10/10,,,,工作场地错误，终结此票,,,unresolved,,,,,,,,,
156,unified,66,110kV水阁变,2023/10/10,2023/10/10,,,110kV场地西南侧,110kV场地西南侧摄像机故障更换,,110kV场地西南侧,matched,1388,1388,LEGACY_unified_66_34_110kV场地西南侧-2#球机_9adfea0570,110kV场地西南侧-2#球机,110kV场地西南侧-2#球机,2,2,12,
157,unified,28,110kV雁门变,2023/10/11,2023/10/11,,,主控室西南侧,主控室西南侧摄像机重启,,主控室西南侧,matched,612,612,LEGACY_unified_28_47_主控室西南侧-14#球机_9846f1f6d7,主控室西南侧-14#球机,主控室西南侧-14#球机,15,15,9,
158,unified,27,110kV问渔变,2023/10/11,2023/10/11,,,,1#主变摄像机故障重启,,,unresolved,,,,,,,,,
159,unified,75,220kV濛洲变,2023/10/16,2023/10/16,,,220kV西南侧,3#主变摄像机、220kV西南侧摄像机故障更换,,220kV西南侧,unresolved,,,,,,,,,
160,unified,56,110kV芳野变,2023/10/17,2023/10/17,,,,主控室东南墙摄像机故障更换,,,unresolved,,,,,,,,,
161,unified,76,220kV睦田变,2023/10/17,2023/10/17,,,,工作场地错误，终结此票,,,unresolved,,,,,,,,,
162,unified,69,220kV金亭变,2023/10/18,2023/10/18,,,220kV场地西南侧,220kV场地西南侧摄像机故障重启,,220kV场地西南侧,unresolved,,,,,,,,,
163,unified,32,110kV海潮变,2023/10/18,2023/10/18,,,电容器室北侧,电容器室北侧摄像机故障更换,,电容器室北侧,matched,673,673,LEGACY_unified_32_45_电容器室北侧-13#球机_4e8873ec90,电容器室北侧-13#球机,电容器室北侧-13#球机,13,13,9,
164,unified,59,220kV仙都变,2023/10/19,2023/10/19,,,35kV开关室西南侧,35kV开关室西南侧摄像头、35kV开关室楼顶（补强）摄像机故障更换,,35kV开关室西南侧,ambiguous,,,,,,,,15,slot:1168 35kV开关室西南侧1-28#球 | slot:1169 35kV开关室西南侧2-27#球
165,unified,31,110kV岩泉变,2023/10/19,2023/10/19,,,,仓库摄像机光纤传输故障，因场地施工原因无法恢复,,,unresolved,,,,,,,,,
166,unified,41,110kV洋浩变,2023/10/23,2023/10/23,,,3#主变东侧,3#主变东侧摄像机故障更换,,3#主变东侧,matched,877,877,LEGACY_unified_41_13_3#主变东侧-13#球机_81d5631bba,3#主变东侧-13#球机,3#主变东侧-13#球机,13,13,9,
167,unified,76,220kV睦田变,2023/10/24,2023/10/24,,,西侧,220kV场地西南侧、西侧摄像机故障更换,,西侧,matched,1684,1684,LEGACY_unified_76_60_35kV开关室西侧-28#球机_915641ea45,35kV开关室西侧-28#球机,35kV开关室西侧-28#球机,28,28,12,
168,unified,66,110kV水阁变,2023/10/24,2023/10/24,,,110kV场地西南侧,110kV场地西南侧摄像机故障重启,,110kV场地西南侧,matched,1388,1388,LEGACY_unified_66_34_110kV场地西南侧-2#球机_9adfea0570,110kV场地西南侧-2#球机,110kV场地西南侧-2#球机,2,2,12,
169,unified,74,220kV宏山变,2023/10/30,2023/10/30,,,就地继保室南侧,就地继保室南侧摄像机故障更换,,就地继保室南侧,matched,1630,1630,LEGACY_unified_74_51_就地继保室南侧-20#球机_e5879a0763,就地继保室南侧-20#球机,就地继保室南侧-20#球机,19,19,10,
170,unified,41,110kV洋浩变,2023/10/31,2023/10/31,,,室外西北侧,室外西北侧摄像机故障更换,,室外西北侧,matched,880,880,LEGACY_unified_41_16_室外西北侧-16#球机_69d565f940,室外西北侧-16#球机,室外西北侧-16#球机,16,16,8,
171,unified,14,110kV延庆变,2023/10/31,2023/10/31,,,西侧,110kV场地东北侧、西侧摄像机故障重启,,西侧,matched,272,272,LEGACY_unified_14_34_110kV场地西侧-2#球机_746e82ca9c,110kV场地西侧-2#球机,110kV场地西侧-2#球机,2,2,11,
172,unified,27,110kV问渔变,2023/11/1,2023/11/1,,,1#主变南侧,1#主变南侧摄像机故障更换,,1#主变南侧,matched,582,582,LEGACY_unified_27_33_1#主变南侧-1#球机_074f162f90,1#主变南侧-1#球机,1#主变南侧-1#球机,16,16,8,
173,unified,49,110kV港头变,2023/11/13,2023/11/13,,,110kV场地东北侧,110kV场地东北侧摄像机故障更换,,110kV场地东北侧,matched,978,978,LEGACY_unified_49_37_110kV场地东北侧-6#球机_f350403b40,110kV场地东北侧-6#球机,110kV场地东北侧-6#球机,37,110kV场地东北侧-6#球机,12,
174,unified,33,110kV滨江变,2023/11/13,2023/11/13,,,3#-4#电容器室北侧,3#-4#电容器室北侧摄像机故障更换,,3#-4#电容器室北侧,matched,676,676,LEGACY_unified_33_35_3#-4#电容器室北侧-3#球机_6581fe6018,3#-4#电容器室北侧-3#球机,3#-4#电容器室北侧-3#球机,3,3,12,
175,unified,25,110kV里隆变,2023/11/14,2023/11/14,,,主控室西南侧,主控室西南侧摄像机故障更换、110kV场地西侧摄像机故障更换,,主控室西南侧,matched,551,551,LEGACY_unified_25_40_主控室西南侧-9#球机_20ae9ced7c,主控室西南侧-9#球机,主控室西南侧-9#球机,8,8,8,
176,unified,14,110kV延庆变,2023/11/15,2023/11/15,,,110kV场地西侧,110kV场地西侧摄像机故障，光纤收发器电源重新接线后恢复,,110kV场地西侧,matched,272,272,LEGACY_unified_14_34_110kV场地西侧-2#球机_746e82ca9c,110kV场地西侧-2#球机,110kV场地西侧-2#球机,2,2,11,
177,unified,54,110kV官桥变,2023/11/16,2023/11/16,,,继保室西侧,继保室西侧摄像机、10kV、35kV开关室西侧故障更换,,继保室西侧,unresolved,,,,,,,,,
178,unified,81,220kV遂昌变,2023/12/19,2023/12/19,,,,10个摄像机黑屏，光纤收发器电源故障,,,unresolved,,,,,,,,,
179,unified,25,110kV里隆变,2024/1/2,2024/1/2,,,10kV开关室东侧,10kV开关室东侧摄像机水晶头松动，重新制作水晶头后恢复,,10kV开关室东侧,matched,552,552,LEGACY_unified_25_41_10kV开关室东侧-10#球机_bf6ada4e10,10kV开关室东侧-10#球机,10kV开关室东侧-10#球机,9,9,12,
180,unified,75,220kV濛洲变,2024/1/3,2024/1/3,,,电抗器场地西南侧,220kV场地西侧、#2主变北侧、电抗器场地西南侧摄像机更换,,电抗器场地西南侧,matched,1634,1634,LEGACY_unified_75_4_电抗器场地西南侧-4#球机_bcf815ac46,电抗器场地西南侧-4#球机,电抗器场地西南侧-4#球机,4,4,10,
181,unified,57,110kV龙泉变,2024/1/4,2024/1/4,,,电容器室东南侧,电容器室西南侧、电容器室东南侧摄像机更换,,电容器室东南侧,matched,1120,1120,LEGACY_unified_57_43_电容器室东南侧-11#球机_96d344b715,电容器室东南侧-11#球机,电容器室东南侧-11#球机,11,11,10,
182,unified,1,110kV云和变,2024/1/4,2024/1/4,,,10kV开关室东南侧,#1主变西北侧、10kV开关室东南侧摄像机更换,,10kV开关室东南侧,matched,12,12,LEGACY_unified_1_44_10kV开关室东南侧-12#球机_0b201a5616,10kV开关室东南侧-12#球机,10kV开关室东南侧-12#球机,12,12,13,
183,unified,76,220kV睦田变,2024/1/5,2024/1/5,,,#1主变东侧,主控楼场地东南角、#1主变东侧摄像机更换,,#1主变东侧,unresolved,,,,,,,,,
184,unified,81,220kV遂昌变,2024/1/9,2024/1/9,,,110kV场地西南侧,110kV场地西南侧摄像机故障更换,,110kV场地西南侧,matched,1881,1881,LEGACY_unified_81_38_110kV场地西南侧-6#球机_b79edbbc14,110kV场地西南侧-6#球机,110kV场地西南侧-6#球机,6,6,12,
185,unified,40,110kV桃园变,2024/1/9,2024/1/9,,,2#主变西南侧,2#主变西南侧摄像机故障更换,,2#主变西南侧,matched,852,852,LEGACY_unified_40_34_2#主变西南侧-2#球机_778c46f9bb,2#主变西南侧-2#球机,2#主变西南侧-2#球机,2,2,9,
186,unified,79,220kV松阳变,2024/1/10,2024/1/10,,,,大门南侧-11#摄像机故障更换,,大门南侧,matched,1771,1771,LEGACY_unified_79_11_大门南侧-11#球机_黑光_3b34bea8f8,大门南侧-11#球机(黑光）,大门南侧-11#球机(黑光）,11,11,9,
189,unified,65,220kV枫树变,2024/1/15,2024/1/15,,,220kV场地南侧,220kV场地南侧摄像机故障更换,,220kV场地南侧,matched,1358,1358,LEGACY_unified_65_6_220kV场地南侧-6#球机_b6b2c4f52c,220kV场地南侧-6#球机,220kV场地南侧-6#球机,6,6,11,
190,unified,6,110kV庆元变,2024/1/16,2024/1/16,,,主控楼西南外侧,主控楼西南外侧摄像机故障更换,,主控楼西南外侧,matched,121,121,LEGACY_unified_6_1_主控楼西南外侧-1#球机_9d7dc71ec8,主控楼西南外侧-1#球机,主控楼西南外侧-1#球机,1,1,9,
191,unified,1,110kV云和变,2024/1/17,2024/1/17,,,,#1主变西北侧光纤故障，重新熔纤,,,unresolved,,,,,,,,,
192,unified,62,110kV张村变,2024/1/18,2024/1/18,,,室外场地东侧,室外场地东侧摄像机故障更换,,室外场地东侧,matched,1249,1249,LEGACY_unified_62_37_室外场地东侧-5#球机_3acd1e382a,室外场地东侧-5#球机,室外场地东侧-5#球机,5,5,8,
193,unified,66,110kV水阁变,2024/1/18,2024/1/18,,,10kV开关室南侧,10kV开关室南侧摄像机故障更换,,10kV开关室南侧,matched,1399,1399,LEGACY_unified_66_45_10kV开关室南侧-13#球机_d319411636,10kV开关室南侧-13#球机,10kV开关室南侧-13#球机,13,13,12,
194,unified,31,110kV岩泉变,2024/1/19,2024/1/19,,,电容器智能投切装置室,电容器智能投切装置室摄像机已拆除，无需更换,,电容器智能投切装置室,unresolved,,,,,,,,,
195,unified,49,110kV港头变,2024/1/23,2024/1/23,,,35kV开关室东侧,35kV开关室西侧、35kV开关室东侧摄像机水晶头松动，重新制作水晶头后恢复,,35kV开关室东侧,matched,988,988,LEGACY_unified_49_47_35kV开关室东侧-16#球机_9078169e96,35kV开关室东侧-16#球机,35kV开关室东侧-16#球机,15,15,12,
196,unified,74,220kV宏山变,2024/1/25,2024/1/25,,,,光纤收发器电源故障，更换后恢复,,,unresolved,,,,,,,,,
197,unified,59,220kV仙都变,2024/1/31,2024/1/31,,,,35kV开关室东北侧-26#、35kV开关室东南侧-29#摄像机故障更换,,35kV开关室东南侧,matched,1170,1170,LEGACY_unified_59_28_35kV开关室东南侧-29#球_b09fbdd7db,35kV开关室东南侧-29#球,35kV开关室东南侧-29#球,28,28,14,
198,unified,13,110kV叶水变,2024/2/4,2024/2/4,,,10kV开关室西侧,10kV开关室西侧摄像机故障，重启后恢复,,10kV开关室西侧,matched,255,255,LEGACY_unified_13_43_10kV开关室西侧-11#球_b9076ad29f,10kV开关室西侧-11#球,10kV开关室西侧-11#球,11,11,13,
199,unified,5,110kV屏都变,2024/3/4,2024/3/4,,,,大门枪机电源故障，重新接线后恢复,,,unresolved,,,,,,,,,
200,unified,75,220kV濛洲变,2024/3/4,2024/3/4,,,35kV开关室西南侧,35kV开关室西南侧摄像机故障更换,,35kV开关室西南侧,matched,1646,1646,LEGACY_unified_75_16_35kV开关室西南侧-16#球机_11198fee9b,35kV开关室西南侧-16#球机,35kV开关室西南侧-16#球机,16,16,13,
201,unified,20,110kV壶镇变,2024/3/6,2024/3/6,,,电容器室东南侧,电容器室东南侧摄像机故障更换,,电容器室东南侧,matched,408,408,LEGACY_unified_20_40_电容器室东南侧-8#球机_3cfe085944,电容器室东南侧-8#球机,电容器室东南侧-8#球机,8,8,9,
202,unified,66,110kV水阁变,2024/3/6,2024/3/6,,,10kV开关室东南侧,10kV开关室东南侧摄像机故障更换,,10kV开关室东南侧,matched,1397,1397,LEGACY_unified_66_43_10kV开关室东南侧-11#球机_c0e30ca5e4,10kV开关室东南侧-11#球机,10kV开关室东南侧-11#球机,11,11,13,
203,unified,59,220kV仙都变,2024/3/11,2024/3/11,,,35kV开关室西北侧,35kV开关室西北侧摄像机故障更换,,35kV开关室西北侧,matched,1166,1166,LEGACY_unified_59_22_35kV开关室西北侧-25#_光球_dad165538c,35kV开关室西北侧-25#（光球）,35kV开关室西北侧-25#（光球）,22,22,15,
206,unified,62,110kV张村变,2024/3/14,2024/3/14,,,2#主变东南侧,2#主变东南侧摄像机故障更换,,2#主变东南侧,matched,1248,1248,LEGACY_unified_62_36_2#主变东南侧-4#球机_80fd7846df,2#主变东南侧-4#球机,2#主变东南侧-4#球机,4,4,9,
208,unified,76,220kV睦田变,2024/3/18,2024/3/18,,,,2#主变东侧-4#摄像机故障更换,,2#主变东侧,unresolved,,,,,,,,,
209,unified,29,110kV黄龙变,2024/3/19,2024/3/19,,,室外大门,室外大门摄像机故障更换,,室外大门,matched,621,621,LEGACY_unified_29_40_室外大门-9#球机_1d5bb3f6a3,室外大门-9#球机,室外大门-9#球机,8,8,6,
210,unified,68,220kV海口变,2024/3/20,2024/3/20,,,3#电容器南侧,3#电容器南侧摄像机故障更换,,3#电容器南侧,matched,1457,1457,LEGACY_unified_68_28_3#电容器南侧_补强_-35#球_43120f61ec,3#电容器南侧（补强）-35#球,3#电容器南侧（补强）-35#球,28,28,13,
211,unified,47,110kV油竹变,2024/3/25,2024/3/25,,,2#主变西南侧,2#主变西南侧摄像机故障更换,,2#主变西南侧,matched,954,954,LEGACY_unified_47_37_2#主变西南侧-5#球机_a4156694b8,2#主变西南侧-5#球机,2#主变西南侧-5#球机,5,5,9,
212,unified,76,220kV睦田变,2024/3/27,2024/3/27,,,1#主变北侧,1#主变北侧摄像机故障更换,,1#主变北侧,matched,1661,1661,LEGACY_unified_76_37_1#主变北侧-5#球机_f2aa6c241f,1#主变北侧-5#球机,1#主变北侧-5#球机,5,5,8,
213,unified,66,110kV水阁变,2024/3/28,2024/3/28,,,110kV场地东侧,110kV场地东侧摄像机故障更换,,110kV场地东侧,matched,1389,1389,LEGACY_unified_66_35_110kV场地东侧-3#球机_b5bfe7a8e2,110kV场地东侧-3#球机,110kV场地东侧-3#球机,3,3,11,
214,unified,58,220kV丽水变,2024/4/9,2024/4/9,,,,220kV场地北侧1#摄像机电源故障，重启恢复,,220kV场地北侧,matched,1123,1123,LEGACY_unified_58_1_220kV场地北侧-1#球_8f4e0ded13,220kV场地北侧-1#球,220kV场地北侧-1#球,1,1,12,
216,unified,78,220kV龙南变,2024/4/12,2024/4/12,,,,摄像机部分离线，机柜电源跳闸，合闸后恢复,,,unresolved,,,,,,,,,
217,unified,65,220kV枫树变,2024/4/22,2024/4/22,,,,35kV开关室19#摄像机监控箱子脱落，重新固定后恢复。,,35kV开关室,ambiguous,,,,,,,,14,slot:1362 35kV开关室外墙北侧-10#球机 | slot:1363 35KV开关室外墙东侧-11#-枪机 | slot:1372 35kV开关室外东墙1--20#枪机
221,unified,59,220kV仙都变,2024/4/27,2024/4/27,,,,市公司上传故障现场勘察,,,unresolved,,,,,,,,,
227,inspection,59,220kV仙都变,2024/5/20,2024/5/20,,,,永都间隔道路旁摄像机拆除,,,unresolved,,,,,,,,,
228,unified,14,110kV延庆变,2024/5/20,2024/5/20,,,,110kV场地3#摄像机故障更换,,110kV场地,matched,271,271,LEGACY_unified_14_33_110kV场地东北侧-1#球机_d4a2c13aac,110kV场地东北侧-1#球机,110kV场地东北侧-1#球机,1,1,12,
229,unified,68,220kV海口变,2024/5/21,2024/5/21,,,2#主变北侧,2#主变北侧摄像机故障，因下雨未更换,,2#主变北侧,unresolved,,,,,,,,,
233,unified,68,220kV海口变,2024/6/4,2024/6/4,,,,2#主变东北侧-3#摄像机故障更换,,2#主变东北侧,matched,1454,1454,LEGACY_unified_68_25_2#主变东北侧_补强_-32#球_a8279b54af,2#主变东北侧（补强）-32#球,2#主变东北侧（补强）-32#球,25,25,13,
235,inspection,59,220kV仙都变,2024/6/13,2024/6/13,,,,永都间隔道路旁摄像机复原,,,unresolved,,,,,,,,,
236,unified,67,220kV河阳变,2024/6/18,2024/6/18,,,,全站离线现场勘察,,,unresolved,,,,,,,,,
237,unified,67,220kV河阳变,2024/6/19,2024/6/19,,,,更换交换机一台,,,unresolved,,,,,,,,,
238,unified,67,220kV河阳变,2024/6/25,2024/6/25,,,,更换光纤收发器三个,,,unresolved,,,,,,,,,
240,unified,45,110kV东源变,2024/7/9,2024/7/9,,,,电容器室8#摄像机故障更换,,电容器室,matched,925,925,LEGACY_unified_45_40_电容器室顶部-8#球_dea9a53622,电容器室顶部-8#球,电容器室顶部-8#球,8,8,9,
241,unified,69,220kV金亭变,2024/7/10,2024/7/10,,,,电容器场地11#摄像机故障，重启后恢复,,电容器场地,matched,1464,1464,LEGACY_unified_69_4_1#电容器场地北侧-11#球_dd99271161,1#电容器场地北侧-11#球,1#电容器场地北侧-11#球,4,4,13,
248,unified,48,110kV温溪变,2024/8/5,2024/8/5,,,,10kV开关室5#摄像机故障更换,,10kV开关室,ambiguous,,,,,,,,11,slot:966 10kV开关室东侧-5#球机 | slot:967 10kV开关室西侧-6#球机
249,unified,56,110kV芳野变,2024/8/7,2024/8/7,,,,因高温，作业停止。,,,unresolved,,,,,,,,,
251,unified,74,220kV宏山变,2024/8/15,2024/8/15,,,,继保室北侧19#摄像机故障更换,,继保室北侧,unresolved,,,,,,,,,
252,unified,69,220kV金亭变,2024/8/19,2024/8/19,,,,35kV开关室东北侧29#摄像机故障更换,,35kV开关室东北侧,matched,1486,1486,LEGACY_unified_69_27_35kV开关室东北侧-29#球_b95799c76f,35kV开关室东北侧-29#球,35kV开关室东北侧-29#球,26,26,14,
253,unified,68,220kV海口变,2024/8/20,2024/8/20,,,,#2主变西侧、电容器场地西北侧、220kV场地东南侧20#摄像机光纤收发器电源故障更换通道,,220kV场地东南侧,matched,1432,1432,LEGACY_unified_68_1_220kV场地东南侧_黑光_-20#球_4f6773daac,220kV场地东南侧（黑光）-20#球,220kV场地东南侧（黑光）-20#球,1,1,16,
254,unified,59,220kV仙都变,2024/8/21,2024/8/21,,,,35kV开关室楼顶1#、2#球机（补强）故障更换,,,unresolved,,,,,,,,,
255,unified,76,220kV睦田变,2024/8/27,2024/8/27,,,1#主变东侧,1#主变东侧摄像机故障更换,,1#主变东侧,unresolved,,,,,,,,,
257,unified,20,110kV壶镇变,2024/8/29,2024/8/29,,,1#主变南侧,1#主变南侧摄像机故障，更换光纤收发器电源,,1#主变南侧,matched,404,404,LEGACY_unified_20_36_1#主变南侧-4#球机_0f2143f1a3,1#主变南侧-4#球机,1#主变南侧-4#球机,4,4,8,
258,unified,70,110kV陶庄变,2024/9/4,2024/9/4,,,,更换一台故障电交换机,,,unresolved,,,,,,,,,
259,inspection,69,220kV金亭变,2024/9/4,2024/9/4,,,,远程智能巡视220kV场地电源汇聚箱3#集中电源故障更换,,,unresolved,,,,,,,,,
261,unified,68,220kV海口变,2024/9/9,2024/9/9,,,,继保室南侧21#摄像机故障更换,,继保室南侧,matched,1449,1449,LEGACY_unified_68_18_继保室南侧-21#球_7c762a55a9,继保室南侧-21#球,继保室南侧-21#球,18,18,9,
264,inspection,69,220kV金亭变,2024/9/18,2024/9/18,,,,1#主变110kV开关南侧36#云台故障更换,,,unresolved,,,,,,,,,
267,unified,40,110kV桃园变,2024/9/20,2024/9/20,,,,电容器东北侧5#摄像机故障更换,,电容器东北侧,unresolved,,,,,,,,,
269,unified,44,110kV金溪变,2024/9/25,2024/9/25,,,,1#主变摄像机故障更换,,,matched,908,908,LEGACY_unified_44_34_1#主变北侧-2#球机_ff53ba116b,1#主变北侧-2#球机,1#主变北侧-2#球机,2,2,8,
270,unified,5,110kV屏都变,2024/9/26,2024/9/26,,,,大门枪机故障更换,,,matched,114,114,LEGACY_unified_5_8_大门-8#枪机_7fee08f207,大门-8#枪机,大门-8#枪机,8,8,4,
271,unified,1,110kV云和变,2024/9/27,2024/9/27,,,,12路摄像机掉线更换光纤收发器插槽电源,,,unresolved,,,,,,,,,
273,unified,68,220kV海口变,2024/10/10,2024/10/10,,,,继保室北侧18#摄像机故障更换,,继保室北侧,matched,1453,1453,LEGACY_unified_68_23_继保室北侧_补强_-30#球_e77392c965,继保室北侧（补强）-30#球,继保室北侧（补强）-30#球,23,23,11,
274,unified,65,220kV枫树变,2024/10/11,2024/10/11,,,,35kV开关室西南侧15#摄像机故障更换,,35kV开关室西南侧,matched,1371,1371,LEGACY_unified_65_19_35kV开关室西南侧-19#球机_bd18aa52e9,35kV开关室西南侧-19#球机,35kV开关室西南侧-19#球机,19,19,13,
276,unified,37,110kV高溪变,2024/10/16,2024/10/16,,,110kVGIS室西侧,110kVGIS室西侧摄像机故障更换,,110kVGIS室西侧,matched,765,765,LEGACY_unified_37_55_110kVGIS室西侧-23#球机_b0c3ede0a6,110kVGIS室西侧-23#球机,110kVGIS室西侧-23#球机,23,23,14,
277,unified,28,110kV雁门变,2024/10/22,2024/10/22,,,,硬盘录像机硬盘故障更换1块硬盘,,,unresolved,,,,,,,,,
278,unified,59,220kV仙都变,2024/10/23,2024/10/23,,,,电容器场地东北侧（黑光）摄像机电源接口松动，重新固定后恢复,,,unresolved,,,,,,,,,
280,unified,3,110kV椤林变,2024/10/28,2024/10/28,,,,图像监控验收,,,unresolved,,,,,,,,,
284,unified,48,110kV温溪变,2024/11/5,2024/11/5,,,,电容器室#7摄像机光纤断裂，重新布线,,电容器室,matched,968,968,LEGACY_unified_48_39_电容器室-7#球机_c127213515,电容器室-7#球机,电容器室-7#球机,7,7,6,
285,unified,43,110kV石练变,2024/11/6,2024/11/6,,,,#2主变东北侧2#摄像机故障更换,,#2主变东北侧,unresolved,,,,,,,,,
287,unified,17,110kV黄南变,2024/11/8,2024/11/8,,,,继保室大门5#枪机异常断电，备件不足未能处理,,继保室大门,unresolved,,,,,,,,,
288,unified,76,220kV睦田变,2024/11/11,2024/11/11,,,,35kV开关室外墙东侧14#摄像机故障更换,,35kV开关室外墙东侧,unresolved,,,,,,,,,
289,unified,20,110kV壶镇变,2024/11/18,2024/11/18,,,,电容器室西南侧9#摄像机故障，人员不足未更换,,电容器室西南侧,unresolved,,,,,,,,,
292,unified,80,220kV汤公变,2024/11/26,2024/11/26,,,,图像监控验收,,,unresolved,,,,,,,,,
293,unified,59,220kV仙都变,2024/12/3,2024/12/3,,,电容器场地西北侧,就地继保室南侧、电容器场地西北侧摄像机故障更换,,电容器场地西北侧,unresolved,,,,,,,,,
294,unified,20,110kV壶镇变,2024/12/4,2024/12/4,,,,电容器西南侧9#摄像机故障更换,,电容器西南侧,matched,409,409,LEGACY_unified_20_41_电容器西南侧--#9球机_4b0f7b0a70,电容器西南侧--#9球机,电容器西南侧--#9球机,9,9,8,
295,unified,32,110kV海潮变,2024/12/5,2024/12/5,,,10kV开关室,10kV开关室摄像机故障更换,,10kV开关室,matched,666,666,LEGACY_unified_32_38_10kV开关室西北侧-6#球机_5f3e15f461,10kV开关室西北侧-6#球机,10kV开关室西北侧-6#球机,6,6,12,
296,unified,23,110kV缙云变,2024/12/17,2024/12/17,,,110kV场地东侧,110kV场地东侧摄像机故障更换,,110kV场地东侧,unresolved,,,,,,,,,
297,unified,9,110kV景宁变,2024/12/18,2024/12/18,,,,光纤收发器电源故障更换,,,unresolved,,,,,,,,,
298,unified,68,220kV海口变,2025/1/7,2025/1/7,,,,35kV开关室北侧13#摄像机故障更换,,35kV开关室北侧,matched,1442,1442,LEGACY_unified_68_11_35kV开关室北侧--13#球_a1cd8cc295,35kV开关室北侧--13#球,35kV开关室北侧--13#球,11,11,13,
300,unified,13,110kV叶水变,2025/1/9,2025/1/9,,,,大门外枪机故障更换,,,unresolved,,,,,,,,,
302,unified,66,110kV水阁变,2025/1/15,2025/1/15,,,1#主变南侧,1#主变南侧摄像机故障更换,,1#主变南侧,matched,1390,1390,LEGACY_unified_66_36_1#主变南侧-4#球机_0f2143f1a3,1#主变南侧-4#球机,1#主变南侧-4#球机,4,4,8,
304,unified,29,110kV黄龙变,2025/1/17,2025/1/17,,,35kV开关室东南侧,35kV开关室东南侧摄像机故障更换,,35kV开关室东南侧,matched,627,627,LEGACY_unified_29_46_35kV开关室东南侧-15#球机_af1e33f602,35kV开关室东南侧-15#球机,35kV开关室东南侧-15#球机,14,14,13,
305,unified,61,220kV好溪变,2025/2/10,2025/2/10,,,,全站离线抢修,,,unresolved,,,,,,,,,
306,unified,78,220kV龙南变,2025/2/25,2025/2/25,,,,水泵房49#摄像机故障，因无法找到电源位置未能更换。,,,unresolved,,,,,,,,,
307,unified,51,110kV秋桐变,2025/2/26,2025/2/26,,,,110kVGIS室东南侧23#摄像机故障更换,,110kVGIS室东南侧,unresolved,,,,,,,,,
311,unified,71,220kV青田变,2025/3/19,2025/3/19,,,,智能巡视更换故障交换机,,,unresolved,,,,,,,,,
312,unified,69,220kV金亭变,2025/3/25,2025/3/25,,,,图像监控更换三层交换机,,,unresolved,,,,,,,,,
313,unified,60,110kV四都变,2025/3/26,2025/3/26,,,,图像监控更换三层交换机,,,unresolved,,,,,,,,,
314,unified,55,110kV牛门变,2025/3/27,2025/3/27,,,,图像监控更换三层交换机,,,unresolved,,,,,,,,,
315,unified,78,220kV龙南变,2025/3/28,2025/3/28,,,,水泵房49#摄像机故障更换,,,unresolved,,,,,,,,,
316,unified,71,220kV青田变,2025/4/7,2025/4/7,,,,智能巡视后续工作配置交换机等,,,unresolved,,,,,,,,,
317,unified,14,110kV延庆变,2025/4/9,2025/4/9,,,,110kV西侧场地2#摄像机光纤收发器电源故障更换,,110kV西侧场地,unresolved,,,,,,,,,
319,unified,54,110kV官桥变,2025/4/15,2025/4/15,,,,#2主变东侧7#摄像机故障更换,,#2主变东侧,unresolved,,,,,,,,,
320,unified,31,110kV岩泉变,2025/4/16,2025/4/16,,,室外大门东侧,室外大门东侧摄像机集中电源接口故障，重新调换后正常,,室外大门东侧,unresolved,,,,,,,,,
322,unified,14,110kV延庆变,2025/4/22,2025/4/22,,,,110kV西侧场地2#摄像机水晶头松动，重新制作后恢复,,110kV西侧场地,unresolved,,,,,,,,,
324,unified,67,220kV河阳变,2025/4/24,2025/4/24,,,,更换光纤收发器集中电源,,,unresolved,,,,,,,,,
325,unified,79,220kV松阳变,2025/4/28,2025/4/28,,,,更换光纤收发器集中电源,,,unresolved,,,,,,,,,
326,unified,54,110kV官桥变,2025/4/29,2025/4/29,,,,#2主变东侧7#摄像机线路故障，后续更换,,#2主变东侧,unresolved,,,,,,,,,
330,unified,68,220kV海口变,2025/5/13,2025/5/13,,,,更换大门北侧17#摄像机,,更换大门北侧,matched,1446,1446,LEGACY_unified_68_15_大门北侧-17#球_10145fec0b,大门北侧-17#球,大门北侧-17#球,15,15,8,
331,unified,68,220kV海口变,2025/5/27,2025/5/27,,,,更换主控室东侧19#摄像机,,更换主控室东侧,matched,1448,1448,LEGACY_unified_68_17_主控室东侧-19#球_0e90365104,主控室东侧-19#球,主控室东侧-19#球,17,17,9,
332,unified,50,110kV石郭变,2025/5/28,2025/5/28,,,,更换#1主变东侧8#摄像机,,更换#1主变东侧,unresolved,,,,,,,,,
333,unified,49,110kV港头变,2025/6/9,2025/6/9,,,,场地3、6号立杆摄像机配合电建改造拆除,,,unresolved,,,,,,,,,
334,unified,71,220kV青田变,2025/6/20,2025/6/20,,,35kV电容器室东侧,110kV场地南侧、#1主变南侧、主控室东侧、35kV电容器室东侧摄像机因交换机回路导致故障,,35kV电容器室东侧,matched,1549,1549,LEGACY_unified_71_29_35kV电容器室东侧-29#球_7d31f609ff,35kV电容器室东侧-29#球,35kV电容器室东侧-29#球,29,29,14,
336,unified,54,110kV官桥变,2025/6/25,2025/6/25,,,,#2主变东侧7#摄像机网线故障，重新放线后正常,,#2主变东侧,unresolved,,,,,,,,,
337,unified,46,110kV侨乡变,2025/6/26,2025/6/26,,,,更换10kV开关室南侧故障摄像机,,,matched,940,940,LEGACY_unified_46_39_10kV开关室南侧-7#球机_a2106201fe,10kV开关室南侧-7#球机,10kV开关室南侧-7#球机,7,7,11,
338,unified,68,220kV海口变,2025/6/27,2025/6/27,,,,更换蓄电池室1#北侧23#故障摄像机,,,unresolved,,,,,,,,,
340,unified,23,110kV缙云变,2025/7/11,2025/7/11,,,,35kV外墙17#摄像机故障更换,,,unresolved,,,,,,,,,
341,inspection,71,220kV青田变,2025/7/14,2025/7/14,,,,智能巡视图像监控4#设备箱风扇故障安装,,,unresolved,,,,,,,,,
342,unified,78,220kV龙南变,2025/7/15,2025/7/15,,,,1#蓄电池室北侧28#摄像机为防爆摄像机，备件型号规格不符无法安装,,1#蓄电池室北侧,unresolved,,,,,,,,,
344,unified,68,220kV海口变,2025/7/22,2025/7/22,,,,#2蓄电池室北侧23#摄像机故障更换，硬盘增加一块8T,,#2蓄电池室北侧,unresolved,,,,,,,,,
348,inspection,62,110kV张村变,2025/8/6,2025/8/6,,,,智能巡视设备现场调试接入,,,unresolved,,,,,,,,,
349,inspection,36,110kV碧湖变,2025/8/7,2025/8/7,,,,智能巡视设备现场调试接入,,,unresolved,,,,,,,,,
350,inspection,60,110kV四都变,2025/8/8,2025/8/8,,,,智能巡视设备现场调试接入,,,unresolved,,,,,,,,,
352,unified,29,110kV黄龙变,2025/8/11,2025/8/11,,,,#1主变南侧3#摄像机故障更换,,#1主变南侧,unresolved,,,,,,,,,
354,unified,54,110kV官桥变,2025/8/19,2025/8/19,,,,GIS室北侧12#摄像机故障更换,,GIS室北侧,unresolved,,,,,,,,,
356,unified,6,110kV庆元变,2025/8/27,2025/8/27,,,110kV场地东侧,110kV场地东侧摄像机故障更换,,110kV场地东侧,matched,123,123,LEGACY_unified_6_3_110kV场地东侧-3#球机_b5bfe7a8e2,110kV场地东侧-3#球机,110kV场地东侧-3#球机,3,3,11,
357,unified,78,220kV龙南变,2025/8/28,2025/8/28,,,,电容器室东侧13#摄像机电源线损坏更换后正常,,电容器室东侧,matched,1752,1752,LEGACY_unified_78_41_#3电容器室东侧-41#球机_df72f80c98,#3电容器室东侧-41#球机,#3电容器室东侧-41#球机,41,41,11,
361,inspection,65,220kV枫树变,2025/9/9,2025/9/9,,,,智巡系统接入、调试,,,unresolved,,,,,,,,,
362,unified,42,110kV焦滩变,2025/9/16,2025/9/16,,,,#2主变北侧5#摄像机故障更换，硬盘增加一块8T,,#2主变北侧,unresolved,,,,,,,,,
363,unified,41,110kV洋浩变,2025/9/17,2025/9/17,,,,10kV开关室9#摄像机故障更换,,10kV开关室,matched,873,873,LEGACY_unified_41_9_10kV开关室东-9#球机_ad9b4a48ee,10kV开关室东-9#球机,10kV开关室东-9#球机,9,9,10,
365,unified,79,220kV松阳变,2025/10/13,2025/10/13,,,,大门南侧11#摄像机水晶头更换，硬盘增加一块8T，录像机故障更换,,大门南侧,matched,1771,1771,LEGACY_unified_79_11_大门南侧-11#球机_黑光_3b34bea8f8,大门南侧-11#球机(黑光）,大门南侧-11#球机(黑光）,11,11,9,
368,unified,40,110kV桃园变,2025/10/21,2025/10/21,,,,#2主变西南侧2#摄像机更换光纤收发器并更换尾纤,,#2主变西南侧,unresolved,,,,,,,,,
369,unified,66,110kV水阁变,2025/10/22,2025/10/22,,,10kV开关室西侧,10kV开关室西侧摄像机故障更换,,10kV开关室西侧,matched,1398,1398,LEGACY_unified_66_44_10kV开关室西侧-12#球机_05f0f0b815,10kV开关室西侧-12#球机,10kV开关室西侧-12#球机,12,12,12,
371,unified,73,220kV仙宫变,2025/11/17,2025/11/17,,,,1-2#电容器室东侧32#摄像机故障现场勘查,,1-2#电容器室东侧,unresolved,,,,,,,,,
372,unified,74,220kV宏山变,2025/11/18,2025/11/18,,,,35kV开关室外墙9#摄像机故障更换,,,unresolved,,,,,,,,,
373,unified,18,110kV东山变,2025/11/19,2025/11/19,,,,35kV开关室6#摄像机故障更换,,35kV开关室,matched,379,379,LEGACY_unified_18_16_35kV开关室东南侧-17#球机_c17c02a115,35kV开关室东南侧-17#球机,35kV开关室东南侧-17#球机,9,9,13,
374,unified,25,110kV里隆变,2025/11/20,2025/11/20,,,,10kV开关室11#摄像机网口松动,,10kV开关室,ambiguous,,,,,,,,12,slot:552 10kV开关室东侧-10#球机 | slot:553 10kV开关室西侧-11#球机 | slot:558 10kV开关室北侧-16#球机 | slot:559 10kV开关室南侧-17#球机
375,unified,40,110kV桃园变,2025/12/1,2025/12/1,,,,#2主变西侧2#摄像机光纤收发器电源故障更换,,#2主变西侧,unresolved,,,,,,,,,
377,unified,73,220kV仙宫变,2025/12/3,2025/12/3,,,,1-2#电容器室东侧32#摄像机电源短路故障，未恢复,,1-2#电容器室东侧,unresolved,,,,,,,,,
378,unified,19,110kV五丰变,2025/12/4,2025/12/4,,,,室外全景1#枪机、室外大门6#枪机集中电源5V模块故障，重新接线后恢复。,,室外大门,matched,385,385,LEGACY_unified_19_38_室外大门口6#枪机_b83953b90a,室外大门口6#枪机,室外大门口6#枪机,6,6,7,
379,unified,74,220kV宏山变,2025/12/8,2025/12/8,,,,110kV场地东侧8#摄像机改名35kV开关室东侧外墙8#摄像机并更换,,110kV场地东侧,unresolved,,,,,,,,,
382,unified,59,220kV仙都变,2025/12/10,2025/12/10,,,,现场勘察,,,unresolved,,,,,,,,,
384,unified,59,220kV仙都变,2026/1/5,2026/1/5,,,主控楼门厅侧,主控楼门厅侧摄像机故障更换 | 地点: 缙云,,主控楼门厅侧,matched,1156,1156,LEGACY_unified_59_12_主控楼门厅侧-14#球机_979ab89b10,主控楼门厅侧-14#球机,主控楼门厅侧-14#球机,12,12,9,
386,unified,45,110kV东源变,2026/1/7,2026/1/7,,,110kV场地西侧,110kV场地西侧摄像机故障更换 | 地点: 青田,,110kV场地西侧,matched,923,923,LEGACY_unified_45_38_110kV场地西侧-6#球_6f0a1ecb9f,110kV场地西侧-6#球,110kV场地西侧-6#球,6,6,12,
388,inspection,69,220kV金亭变,2026/1/26,2026/1/26,,,,智能巡视辅控系统消缺 | 地点: 莲都,,,unresolved,,,,,,,,,
389,inspection,77,220kV鹤溪变,2026/1/27,2026/1/27,,,,智能巡视辅控系统消缺 | 地点: 景宁,,,unresolved,,,,,,,,,
393,unified,52,110kV高湖变,2026/2/3,2026/2/3,,,2#主变北侧,2#主变北侧摄像机故障更换 | 地点: 青田,,2#主变北侧,matched,1027,1027,LEGACY_unified_52_1_2#主变北侧-1#球机_22ed62b74d,2#主变北侧-1#球机,2#主变北侧-1#球机,1,1,8,
394,unified,23,110kV缙云变,2026/2/4,2026/2/4,,,,1#主变北侧8#摄像机故障更换未恢复，怀疑光纤中断 | 地点: 缙云,,1#主变北侧,unresolved,,,,,,,,,
395,unified,46,110kV侨乡变,2026/2/5,2026/2/5,,,,3#主变东南侧1#摄像机故障更换 | 地点: 青田,,3#主变东南侧,unresolved,,,,,,,,,
396,unified,36,110kV碧湖变,2026/2/28,2026/2/28,,,,主控楼楼顶南侧6#摄像机、主控楼楼顶东南侧7#摄像机更换 | 地点: 莲都,,主控楼楼顶南侧,unresolved,,,,,,,,,
397,auxiliary,67,220kV河阳变,2026/3/16,2026/3/16,,,,河树24P3线避雷器C相云台、河树24P3开关东、河渔1210开关东故障云台更换 | 地点: 缙云,,,unresolved,,,,,,,,,
398,unified,59,220kV仙都变,2026/3/17,2026/3/17,,,,2#主变西南侧10#摄像机故障更换 | 地点: 缙云,,2#主变西南侧,unresolved,,,,,,,,,
399,unified,65,220kV枫树变,2026/3/18,2026/3/18,,,,就地继保室外墙8#摄像机故障更换 | 地点: 莲都,,,unresolved,,,,,,,,,
400,unified,23,110kV缙云变,2026/3/19,2026/3/19,,,,1#主变北侧8#摄像机故障更换 | 地点: 缙云,,1#主变北侧,unresolved,,,,,,,,,
402,unified,80,220kV汤公变,2026/3/25,2026/3/25,,,,西南角13#摄像机排查维修后恢复 | 地点: 遂昌,,,unresolved,,,,,,,,,
404,unified,49,110kV港头变,2026/3/30,2026/3/30,,,,110kV场地西南侧、110kV场地东北侧电源挖断未恢复 | 地点: 青田,,,unresolved,,,,,,,,,
406,unified,17,110kV黄南变,2026/4/1,2026/4/1,,,,10kV开关室7#摄像机故障更换 | 地点: 松阳,,10kV开关室,matched,363,363,LEGACY_unified_17_44_10kV开关室东侧-12#球机_c8d2418858,10kV开关室东侧-12#球机,10kV开关室东侧-12#球机,12,12,12,
408,unified,18,110kV东山变,2026/4/8,2026/4/8,,,110kV场地东南侧,110kV场地东南侧摄像机集中电源接口故障，换接口后恢复正常 | 地点: 缙云,,110kV场地东南侧,matched,367,367,LEGACY_unified_18_4_110kV场地东南侧-5#球机_a04f9178ac,110kV场地东南侧-5#球机,110kV场地东南侧-5#球机,4,4,12,
